sample	peptide_id	variant_id	gene	feature	protein_id	hgvsc	hgvsp	amino_acids	mer	mutant_peptide_start	mutant_peptide_end	wildtype_peptide	mutant_peptide
mock	mock|mock_missense|MOCK1|ENST000001|8mer|13-20|p1	mock_missense	MOCK1	ENST000001	ENSP000001	ENST000001.1:c.60A>T	ENSP000001.1:p.Tyr20Phe	Y/F	8	13	20	PQRSTVWY	PQRSTVWF
mock	mock|mock_missense|MOCK1|ENST000001|8mer|14-21|p2	mock_missense	MOCK1	ENST000001	ENSP000001	ENST000001.1:c.60A>T	ENSP000001.1:p.Tyr20Phe	Y/F	8	14	21	QRSTVWYM	QRSTVWFM
mock	mock|mock_missense|MOCK1|ENST000001|8mer|15-22|p3	mock_missense	MOCK1	ENST000001	ENSP000001	ENST000001.1:c.60A>T	ENSP000001.1:p.Tyr20Phe	Y/F	8	15	22	RSTVWYMP	RSTVWFMP
mock	mock|mock_missense|MOCK1|ENST000001|8mer|16-23|p4	mock_missense	MOCK1	ENST000001	ENSP000001	ENST000001.1:c.60A>T	ENSP000001.1:p.Tyr20Phe	Y/F	8	16	23	STVWYMPE	STVWFMPE
mock	mock|mock_missense|MOCK1|ENST000001|8mer|17-24|p5	mock_missense	MOCK1	ENST000001	ENSP000001	ENST000001.1:c.60A>T	ENSP000001.1:p.Tyr20Phe	Y/F	8	17	24	TVWYMPEP	TVWFMPEP
mock	mock|mock_missense|MOCK1|ENST000001|8mer|18-25|p6	mock_missense	MOCK1	ENST000001	ENSP000001	ENST000001.1:c.60A>T	ENSP000001.1:p.Tyr20Phe	Y/F	8	18	25	VWYMPEPT	VWFMPEPT
mock	mock|mock_missense|MOCK1|ENST000001|8mer|19-26|p7	mock_missense	MOCK1	ENST000001	ENSP000001	ENST000001.1:c.60A>T	ENSP000001.1:p.Tyr20Phe	Y/F	8	19	26	WYMPEPTI	WFMPEPTI
mock	mock|mock_missense|MOCK1|ENST000001|8mer|20-27|p8	mock_missense	MOCK1	ENST000001	ENSP000001	ENST000001.1:c.60A>T	ENSP000001.1:p.Tyr20Phe	Y/F	8	20	27	YMPEPTID	FMPEPTID
mock	mock|mock_missense|MOCK1|ENST000001|9mer|12-20|p9	mock_missense	MOCK1	ENST000001	ENSP000001	ENST000001.1:c.60A>T	ENSP000001.1:p.Tyr20Phe	Y/F	9	12	20	NPQRSTVWY	NPQRSTVWF
mock	mock|mock_missense|MOCK1|ENST000001|9mer|13-21|p10	mock_missense	MOCK1	ENST000001	ENSP000001	ENST000001.1:c.60A>T	ENSP000001.1:p.Tyr20Phe	Y/F	9	13	21	PQRSTVWYM	PQRSTVWFM
mock	mock|mock_missense|MOCK1|ENST000001|9mer|14-22|p11	mock_missense	MOCK1	ENST000001	ENSP000001	ENST000001.1:c.60A>T	ENSP000001.1:p.Tyr20Phe	Y/F	9	14	22	QRSTVWYMP	QRSTVWFMP
mock	mock|mock_missense|MOCK1|ENST000001|9mer|15-23|p12	mock_missense	MOCK1	ENST000001	ENSP000001	ENST000001.1:c.60A>T	ENSP000001.1:p.Tyr20Phe	Y/F	9	15	23	RSTVWYMPE	RSTVWFMPE
mock	mock|mock_missense|MOCK1|ENST000001|9mer|16-24|p13	mock_missense	MOCK1	ENST000001	ENSP000001	ENST000001.1:c.60A>T	ENSP000001.1:p.Tyr20Phe	Y/F	9	16	24	STVWYMPEP	STVWFMPEP
mock	mock|mock_missense|MOCK1|ENST000001|9mer|17-25|p14	mock_missense	MOCK1	ENST000001	ENSP000001	ENST000001.1:c.60A>T	ENSP000001.1:p.Tyr20Phe	Y/F	9	17	25	TVWYMPEPT	TVWFMPEPT
mock	mock|mock_missense|MOCK1|ENST000001|9mer|18-26|p15	mock_missense	MOCK1	ENST000001	ENSP000001	ENST000001.1:c.60A>T	ENSP000001.1:p.Tyr20Phe	Y/F	9	18	26	VWYMPEPTI	VWFMPEPTI
mock	mock|mock_missense|MOCK1|ENST000001|9mer|19-27|p16	mock_missense	MOCK1	ENST000001	ENSP000001	ENST000001.1:c.60A>T	ENSP000001.1:p.Tyr20Phe	Y/F	9	19	27	WYMPEPTID	WFMPEPTID
mock	mock|mock_missense|MOCK1|ENST000001|9mer|20-28|p17	mock_missense	MOCK1	ENST000001	ENSP000001	ENST000001.1:c.60A>T	ENSP000001.1:p.Tyr20Phe	Y/F	9	20	28	YMPEPTIDE	FMPEPTIDE
mock	mock|mock_frameshift|MOCK5|ENST000005|8mer|18-25|p1	mock_frameshift	MOCK5	ENST000005	ENSP000005	ENST000005.1:c.75dupA	ENSP000005.1:p.Asn25LysfsTer20	N/K	8	18	25	VWYMPEPT	VWYMLLLL
mock	mock|mock_frameshift|MOCK5|ENST000005|8mer|19-26|p2	mock_frameshift	MOCK5	ENST000005	ENSP000005	ENST000005.1:c.75dupA	ENSP000005.1:p.Asn25LysfsTer20	N/K	8	19	26	WYMPEPTI	WYMLLLLL
mock	mock|mock_frameshift|MOCK5|ENST000005|8mer|20-27|p3	mock_frameshift	MOCK5	ENST000005	ENSP000005	ENST000005.1:c.75dupA	ENSP000005.1:p.Asn25LysfsTer20	N/K	8	20	27	YMPEPTID	YMLLLLLL
mock	mock|mock_frameshift|MOCK5|ENST000005|8mer|21-28|p4	mock_frameshift	MOCK5	ENST000005	ENSP000005	ENST000005.1:c.75dupA	ENSP000005.1:p.Asn25LysfsTer20	N/K	8	21	28	MPEPTIDE	MLLLLLLL
mock	mock|mock_frameshift|MOCK5|ENST000005|8mer|22-29|p5	mock_frameshift	MOCK5	ENST000005	ENSP000005	ENST000005.1:c.75dupA	ENSP000005.1:p.Asn25LysfsTer20	N/K	8	22	29	PEPTIDEK	LLLLLLLL
mock	mock|mock_frameshift|MOCK5|ENST000005|8mer|23-30|p6	mock_frameshift	MOCK5	ENST000005	ENSP000005	ENST000005.1:c.75dupA	ENSP000005.1:p.Asn25LysfsTer20	N/K	8	23	30	EPTIDEKL	LLLLLLLL
mock	mock|mock_frameshift|MOCK5|ENST000005|8mer|24-31|p7	mock_frameshift	MOCK5	ENST000005	ENSP000005	ENST000005.1:c.75dupA	ENSP000005.1:p.Asn25LysfsTer20	N/K	8	24	31	PTIDEKLM	LLLLLLLL
mock	mock|mock_frameshift|MOCK5|ENST000005|8mer|25-32|p8	mock_frameshift	MOCK5	ENST000005	ENSP000005	ENST000005.1:c.75dupA	ENSP000005.1:p.Asn25LysfsTer20	N/K	8	25	32	TIDEKLMN	LLLLLLLL
mock	mock|mock_frameshift|MOCK5|ENST000005|9mer|17-25|p9	mock_frameshift	MOCK5	ENST000005	ENSP000005	ENST000005.1:c.75dupA	ENSP000005.1:p.Asn25LysfsTer20	N/K	9	17	25	TVWYMPEPT	TVWYMLLLL
mock	mock|mock_frameshift|MOCK5|ENST000005|9mer|18-26|p10	mock_frameshift	MOCK5	ENST000005	ENSP000005	ENST000005.1:c.75dupA	ENSP000005.1:p.Asn25LysfsTer20	N/K	9	18	26	VWYMPEPTI	VWYMLLLLL
mock	mock|mock_frameshift|MOCK5|ENST000005|9mer|19-27|p11	mock_frameshift	MOCK5	ENST000005	ENSP000005	ENST000005.1:c.75dupA	ENSP000005.1:p.Asn25LysfsTer20	N/K	9	19	27	WYMPEPTID	WYMLLLLLL
mock	mock|mock_frameshift|MOCK5|ENST000005|9mer|20-28|p12	mock_frameshift	MOCK5	ENST000005	ENSP000005	ENST000005.1:c.75dupA	ENSP000005.1:p.Asn25LysfsTer20	N/K	9	20	28	YMPEPTIDE	YMLLLLLLL
mock	mock|mock_frameshift|MOCK5|ENST000005|9mer|21-29|p13	mock_frameshift	MOCK5	ENST000005	ENSP000005	ENST000005.1:c.75dupA	ENSP000005.1:p.Asn25LysfsTer20	N/K	9	21	29	MPEPTIDEK	MLLLLLLLL
mock	mock|mock_frameshift|MOCK5|ENST000005|9mer|22-30|p14	mock_frameshift	MOCK5	ENST000005	ENSP000005	ENST000005.1:c.75dupA	ENSP000005.1:p.Asn25LysfsTer20	N/K	9	22	30	PEPTIDEKL	LLLLLLLLL
mock	mock|mock_frameshift|MOCK5|ENST000005|9mer|23-31|p15	mock_frameshift	MOCK5	ENST000005	ENSP000005	ENST000005.1:c.75dupA	ENSP000005.1:p.Asn25LysfsTer20	N/K	9	23	31	EPTIDEKLM	LLLLLLLLL
mock	mock|mock_frameshift|MOCK5|ENST000005|9mer|24-32|p16	mock_frameshift	MOCK5	ENST000005	ENSP000005	ENST000005.1:c.75dupA	ENSP000005.1:p.Asn25LysfsTer20	N/K	9	24	32	PTIDEKLMN	LLLLLLLLL
mock	mock|mock_frameshift|MOCK5|ENST000005|9mer|25-33|p17	mock_frameshift	MOCK5	ENST000005	ENSP000005	ENST000005.1:c.75dupA	ENSP000005.1:p.Asn25LysfsTer20	N/K	9	25	33	TIDEKLMNP	LLLLLLLLL
