sample	variant_id	gene	feature	protein_id	consequence	protein_position	amino_acids	method	status	peptide_id	peptide_length	peptide	reason
mock	mock_missense	MOCK1	ENST000001	ENSP000001	missense_variant	20	Y/F	simple_aa_substitution	emitted	mock|mock_missense|MOCK1|ENST000001|8mer|p1	8	PQRSTVWF	
mock	mock_missense	MOCK1	ENST000001	ENSP000001	missense_variant	20	Y/F	simple_aa_substitution	emitted	mock|mock_missense|MOCK1|ENST000001|8mer|p2	8	QRSTVWFM	
mock	mock_missense	MOCK1	ENST000001	ENSP000001	missense_variant	20	Y/F	simple_aa_substitution	emitted	mock|mock_missense|MOCK1|ENST000001|8mer|p3	8	RSTVWFMP	
mock	mock_missense	MOCK1	ENST000001	ENSP000001	missense_variant	20	Y/F	simple_aa_substitution	emitted	mock|mock_missense|MOCK1|ENST000001|8mer|p4	8	STVWFMPE	
mock	mock_missense	MOCK1	ENST000001	ENSP000001	missense_variant	20	Y/F	simple_aa_substitution	emitted	mock|mock_missense|MOCK1|ENST000001|8mer|p5	8	TVWFMPEP	
mock	mock_missense	MOCK1	ENST000001	ENSP000001	missense_variant	20	Y/F	simple_aa_substitution	emitted	mock|mock_missense|MOCK1|ENST000001|8mer|p6	8	VWFMPEPT	
mock	mock_missense	MOCK1	ENST000001	ENSP000001	missense_variant	20	Y/F	simple_aa_substitution	emitted	mock|mock_missense|MOCK1|ENST000001|8mer|p7	8	WFMPEPTI	
mock	mock_missense	MOCK1	ENST000001	ENSP000001	missense_variant	20	Y/F	simple_aa_substitution	emitted	mock|mock_missense|MOCK1|ENST000001|8mer|p8	8	FMPEPTID	
mock	mock_missense	MOCK1	ENST000001	ENSP000001	missense_variant	20	Y/F	simple_aa_substitution	emitted	mock|mock_missense|MOCK1|ENST000001|9mer|p9	9	NPQRSTVWF	
mock	mock_missense	MOCK1	ENST000001	ENSP000001	missense_variant	20	Y/F	simple_aa_substitution	emitted	mock|mock_missense|MOCK1|ENST000001|9mer|p10	9	PQRSTVWFM	
mock	mock_missense	MOCK1	ENST000001	ENSP000001	missense_variant	20	Y/F	simple_aa_substitution	emitted	mock|mock_missense|MOCK1|ENST000001|9mer|p11	9	QRSTVWFMP	
mock	mock_missense	MOCK1	ENST000001	ENSP000001	missense_variant	20	Y/F	simple_aa_substitution	emitted	mock|mock_missense|MOCK1|ENST000001|9mer|p12	9	RSTVWFMPE	
mock	mock_missense	MOCK1	ENST000001	ENSP000001	missense_variant	20	Y/F	simple_aa_substitution	emitted	mock|mock_missense|MOCK1|ENST000001|9mer|p13	9	STVWFMPEP	
mock	mock_missense	MOCK1	ENST000001	ENSP000001	missense_variant	20	Y/F	simple_aa_substitution	emitted	mock|mock_missense|MOCK1|ENST000001|9mer|p14	9	TVWFMPEPT	
mock	mock_missense	MOCK1	ENST000001	ENSP000001	missense_variant	20	Y/F	simple_aa_substitution	emitted	mock|mock_missense|MOCK1|ENST000001|9mer|p15	9	VWFMPEPTI	
mock	mock_missense	MOCK1	ENST000001	ENSP000001	missense_variant	20	Y/F	simple_aa_substitution	emitted	mock|mock_missense|MOCK1|ENST000001|9mer|p16	9	WFMPEPTID	
mock	mock_missense	MOCK1	ENST000001	ENSP000001	missense_variant	20	Y/F	simple_aa_substitution	emitted	mock|mock_missense|MOCK1|ENST000001|9mer|p17	9	FMPEPTIDE	
mock	mock_stop_gained	MOCK2	ENST000002	ENSP000002	stop_gained	15	R/*	stop_gained_truncation	no_novel_peptide				no_mutant_peptide_not_seen_in_wildtype_window
mock	mock_stop_lost	MOCK3	ENST000003	ENSP000003	stop_lost	30	*/Q	custom_mutant_protein	emitted	mock|mock_stop_lost|MOCK3|ENST000003|8mer|p1	8	QRSTVWYQ	
mock	mock_stop_lost	MOCK3	ENST000003	ENSP000003	stop_lost	30	*/Q	custom_mutant_protein	emitted	mock|mock_stop_lost|MOCK3|ENST000003|8mer|p2	8	RSTVWYQQ	
mock	mock_stop_lost	MOCK3	ENST000003	ENSP000003	stop_lost	30	*/Q	custom_mutant_protein	emitted	mock|mock_stop_lost|MOCK3|ENST000003|9mer|p3	9	PQRSTVWYQ	
mock	mock_stop_lost	MOCK3	ENST000003	ENSP000003	stop_lost	30	*/Q	custom_mutant_protein	emitted	mock|mock_stop_lost|MOCK3|ENST000003|9mer|p4	9	QRSTVWYQQ	
mock	mock_start_lost	MOCK4	ENST000004	ENSP000004	start_lost	1	M/?	custom_mutant_protein	emitted	mock|mock_start_lost|MOCK4|ENST000004|8mer|p1	8	DEKLMNPQ	
mock	mock_start_lost	MOCK4	ENST000004	ENSP000004	start_lost	1	M/?	custom_mutant_protein	emitted	mock|mock_start_lost|MOCK4|ENST000004|8mer|p2	8	EKLMNPQR	
mock	mock_start_lost	MOCK4	ENST000004	ENSP000004	start_lost	1	M/?	custom_mutant_protein	emitted	mock|mock_start_lost|MOCK4|ENST000004|8mer|p3	8	KLMNPQRS	
mock	mock_start_lost	MOCK4	ENST000004	ENSP000004	start_lost	1	M/?	custom_mutant_protein	emitted	mock|mock_start_lost|MOCK4|ENST000004|8mer|p4	8	LMNPQRST	
mock	mock_start_lost	MOCK4	ENST000004	ENSP000004	start_lost	1	M/?	custom_mutant_protein	emitted	mock|mock_start_lost|MOCK4|ENST000004|9mer|p5	9	IDEKLMNPQ	
mock	mock_start_lost	MOCK4	ENST000004	ENSP000004	start_lost	1	M/?	custom_mutant_protein	emitted	mock|mock_start_lost|MOCK4|ENST000004|9mer|p6	9	DEKLMNPQR	
mock	mock_start_lost	MOCK4	ENST000004	ENSP000004	start_lost	1	M/?	custom_mutant_protein	emitted	mock|mock_start_lost|MOCK4|ENST000004|9mer|p7	9	EKLMNPQRS	
mock	mock_start_lost	MOCK4	ENST000004	ENSP000004	start_lost	1	M/?	custom_mutant_protein	emitted	mock|mock_start_lost|MOCK4|ENST000004|9mer|p8	9	KLMNPQRST	
mock	mock_frameshift	MOCK5	ENST000005	ENSP000005	frameshift_variant	25	N/K	custom_mutant_protein	emitted	mock|mock_frameshift|MOCK5|ENST000005|8mer|p1	8	RSTVWYML	
mock	mock_frameshift	MOCK5	ENST000005	ENSP000005	frameshift_variant	25	N/K	custom_mutant_protein	emitted	mock|mock_frameshift|MOCK5|ENST000005|8mer|p2	8	STVWYMLL	
mock	mock_frameshift	MOCK5	ENST000005	ENSP000005	frameshift_variant	25	N/K	custom_mutant_protein	emitted	mock|mock_frameshift|MOCK5|ENST000005|8mer|p3	8	TVWYMLLL	
mock	mock_frameshift	MOCK5	ENST000005	ENSP000005	frameshift_variant	25	N/K	custom_mutant_protein	emitted	mock|mock_frameshift|MOCK5|ENST000005|8mer|p4	8	VWYMLLLL	
mock	mock_frameshift	MOCK5	ENST000005	ENSP000005	frameshift_variant	25	N/K	custom_mutant_protein	emitted	mock|mock_frameshift|MOCK5|ENST000005|8mer|p5	8	WYMLLLLL	
mock	mock_frameshift	MOCK5	ENST000005	ENSP000005	frameshift_variant	25	N/K	custom_mutant_protein	emitted	mock|mock_frameshift|MOCK5|ENST000005|8mer|p6	8	YMLLLLLL	
mock	mock_frameshift	MOCK5	ENST000005	ENSP000005	frameshift_variant	25	N/K	custom_mutant_protein	emitted	mock|mock_frameshift|MOCK5|ENST000005|8mer|p7	8	MLLLLLLL	
mock	mock_frameshift	MOCK5	ENST000005	ENSP000005	frameshift_variant	25	N/K	custom_mutant_protein	emitted	mock|mock_frameshift|MOCK5|ENST000005|8mer|p8	8	LLLLLLLL	
mock	mock_frameshift	MOCK5	ENST000005	ENSP000005	frameshift_variant	25	N/K	custom_mutant_protein	emitted	mock|mock_frameshift|MOCK5|ENST000005|9mer|p9	9	QRSTVWYML	
mock	mock_frameshift	MOCK5	ENST000005	ENSP000005	frameshift_variant	25	N/K	custom_mutant_protein	emitted	mock|mock_frameshift|MOCK5|ENST000005|9mer|p10	9	RSTVWYMLL	
mock	mock_frameshift	MOCK5	ENST000005	ENSP000005	frameshift_variant	25	N/K	custom_mutant_protein	emitted	mock|mock_frameshift|MOCK5|ENST000005|9mer|p11	9	STVWYMLLL	
mock	mock_frameshift	MOCK5	ENST000005	ENSP000005	frameshift_variant	25	N/K	custom_mutant_protein	emitted	mock|mock_frameshift|MOCK5|ENST000005|9mer|p12	9	TVWYMLLLL	
mock	mock_frameshift	MOCK5	ENST000005	ENSP000005	frameshift_variant	25	N/K	custom_mutant_protein	emitted	mock|mock_frameshift|MOCK5|ENST000005|9mer|p13	9	VWYMLLLLL	
mock	mock_frameshift	MOCK5	ENST000005	ENSP000005	frameshift_variant	25	N/K	custom_mutant_protein	emitted	mock|mock_frameshift|MOCK5|ENST000005|9mer|p14	9	WYMLLLLLL	
mock	mock_frameshift	MOCK5	ENST000005	ENSP000005	frameshift_variant	25	N/K	custom_mutant_protein	emitted	mock|mock_frameshift|MOCK5|ENST000005|9mer|p15	9	YMLLLLLLL	
mock	mock_frameshift	MOCK5	ENST000005	ENSP000005	frameshift_variant	25	N/K	custom_mutant_protein	emitted	mock|mock_frameshift|MOCK5|ENST000005|9mer|p16	9	MLLLLLLLL	
mock	mock_frameshift	MOCK5	ENST000005	ENSP000005	frameshift_variant	25	N/K	custom_mutant_protein	emitted	mock|mock_frameshift|MOCK5|ENST000005|9mer|p17	9	LLLLLLLLL	
